nom,dirigeant,adresse,code_postal,commune,departement,naf,siret,site_web,email,telephone,source
ARBONIS,ARNAUD LEFEBVRE,4 RUE JACQUES DAGUERRE 92500 RUEIL-MALMAISON,92500,RUEIL-MALMAISON,92,43.91A,79582006700143,https://www.arbonis.com/vinci/contact/,,,sirene
RGO (BUREAU FRANCAIS POUR LA PERFORMANCE ENERGETIQUE (BFPE)),CLEMENTINE EMERIT,3 B RUE TAYLOR 75010 PARIS,75010,PARIS,75,43.91A,84436737500038,,,,sirene
PHARMABOIS,,162 RUE DU FAUBOURG SAINT-DENIS 75010 PARIS,75010,PARIS,75,43.91A,49457422100086,https://industrie.usinenouvelle.com/fiche/etablissement/pharmabois-100963838,,,sirene
AUX CHARPENTIERS DE FRANCE (ACDF),BERTRAND DELAUNAY (DELAUNAY),7 AVENUE D’OUESSANT 91140 VILLEBON-SUR-YVETTE,91140,VILLEBON-SUR-YVETTE,91,43.91A,30713142500026,https://duckduckgo.com/y.js?ad_domain=violetgcouverture.fr&ad_provider=bingv7aa&ad_type=txad&click_metadata=dy9d1uuUp40LrnRV3Dkw30fkrLXhAIS4VURR3g2rooD%2DOD0jVVjM%2DWOhoC_U%2DMfyrooW2Spi54Ce4HYm%2DIyfPo2_lPbGD5stGErxd06Uhzf9SFUr%2Dw0mzjbJF24JLTTjOsUP7tPp2EGXDhfwSLyYH07lUAJmsTUMMUjUHjA%2DoWk.op6Dz06aqCWdtF5_XFnR7A&rut=8f333439803c21cccfcd2877e449d91e389361e19aed7e448f1170d21cb44225&u3=https%3A%2F%2Fwww.bing.com%2Faclick%3Fld%3De81c5Bv5xok1%2DgOxDG72AJ4TVUCUwrUU7mQyTeLzbUqya7otPCW5ZMWbPc2_rOfhu56n8dZ6U7h5NT3Y4%2DD_A5cpnM2u2vqBNSWiqotUYEJHhzEXW%2D075JtabkctITLIXtE04gC9kVXKXoWf82F%2Dsy0xmQ8jFbUZLt15T90QPmvZB2t7kqgetyxvS_JoaHP%2DuVgxt1O5KdGekiK%2DYQjyHxjAe9lss%26u%3DaHR0cHMlM2ElMmYlMmZ3d3cudmlvbGV0Z2NvdXZlcnR1cmUuZnIlM2ZhdF9tZWRpdW0lM2RzbCUyNmF0X2NhbXBhaWduJTNkYm9vc3Rlcl9iaW5nX2FkcyUyNmFkX3BsYXRmb3JtJTNkQklORyUyNnV0bV9zb3VyY2UlM2Rzb2xvY2FsJTI2cHJvZHVjdF9pZCUzZDIwMjQxMzAwMzQwODUlMjZtc2Nsa2lkJTNkZGMxM2NhYTIyODNlMTVjZDU3MzFhMzU0NDVkZjhmNWE%26rlid%3Ddc13caa2283e15cd5731a35445df8f5a&vqd=4-71540067444913260819140899321192957326&iurl=%7B1%7DIG%3D5D35A4514BD64F04A4AA5DD9ED726E8A%26CID%3D16150CF75FA56727314A1BBA5EAB669D%26ID%3DDevEx%2C5046.1,support@duck.com,0952291502,sirene
SPANTECH SAS,,32 BOULEVARD DE STRASBOURG 75010 PARIS,75010,PARIS,75,43.91A,53301267000014,https://batiment.e-pro.fr/paris/spantech-sas_f5434920,,0448326497,sirene
M.G. BATIMENT (M.G.BATIMENT),GERARD MATTMULLER (MATTMULLER),67 AVENUE GAMBETTA 94100 SAINT-MAUR-DES-FOSSES,94100,SAINT-MAUR-DES-FOSSES,94,43.91A,53089387400012,,,,sirene
MLSL (MLSL),SERGIO FERREIRA SILVA MOTA,5 AVENUE DE LONDRES 77290 MITRY-MORY,77290,MITRY-MORY,77,43.91A,50129544800028,,,,sirene
ARCADES COUVERTURE,,5 B AVENUE GABRIELLE 92500 RUEIL-MALMAISON,92500,RUEIL-MALMAISON,92,43.91A,88490243800016,https://www.arcades-couverture.com/contact/,,0125256153,sirene
HERVOUET,VALENTIN POIRIER,24 RUE ROUGET DE LISLE 93500 PANTIN,93500,PANTIN,93,43.91A,39472273000055,https://charpente-hervouet.fr/,societe@charpente-hervouet.fr,0142065264,sirene
ARCADIA,FRANK DROZE,30 AVENUE ROBERT SURCOUF 78960 VOISINS-LE-BRETONNEUX,78960,VOISINS-LE-BRETONNEUX,78,43.91A,40522105200021,https://www.prodestravaux.com/entreprise/40522105200021,contact@megacombles.fr,0522105200,sirene
PARENT ET FILS,XAVIER PARENT (PARENT),31 RUE JULIEN CHAILLIOUX 94260 FRESNES,94260,FRESNES,94,43.91A,45124639100044,https://www.cylex-locale.fr/entreprises/parent-et-fils-12739337.html,,,sirene
DELAGE BOIS (DELAGE BOIS),ERIC DELAGE (DELAGE),64 AVENUE DU BOIS 92190 MEUDON,92190,MEUDON,92,43.91A,50065113800025,https://datalegal.fr/entreprises/500651138/,,0651138000,sirene
BOISEA CHARPENTE & MAISONS BOIS (BOISEA CHARPENTE & MAISONS BOIS),BENOIT BONTOUX,FABRIQUE 21 120 AVENUE DU PORT 78955 CARRIERES-SOUS-POISSY,78955,CARRIERES-SOUS-POISSY,78,43.91A,49171947200053,https://duckduckgo.com/y.js?ad_domain=micheletvincent%2Dcouverture.fr&ad_provider=bingv7aa&ad_type=txad&click_metadata=B2kDhGz4WOzCj5HsZwhBvMhQ6aucgToV%2D5slkv_FtGZHJqiK7kFOwYVBZY8QO0n7p6LUUqD4_L%2DhkmxIjlYOpYiDy7qxNKzO6TzRjhaTywyU3cDqyniKPb9p96rwkmtt7yICrXnL7xx3hNVwgnT3BS8jmyg09rOpYMIxnB1S9Qg.uM6kt2agRJGxwMt9BWuwTg&rut=c5f47db1da63676f77f09542593fc30cee1c6614e973aa8a97d2f5b0599740b1&u3=https%3A%2F%2Fwww.bing.com%2Faclick%3Fld%3De8nFG8TlsRxQaf5wzvT16FQjVUCUzYQhrHaF2QCCY8_fddqFlHlVf8_xkFIiZ771luE1Pl%2D0nC30hQLtIMbmBjGBmisEsEyYkAgNRA_jQqNne7iUcuAfirG%2DRa0r52YZ2Q1uZwHSV0Ff2qgM0OoFgZoFIze3oEi%2DDUq2s5nUAccZTDy4P8NxhDa8_P45aib7ri968PKmtd89aHOKt4fxh08Kwp1CQ%26u%3DaHR0cHMlM2ElMmYlMmZ3d3cubWljaGVsZXR2aW5jZW50LWNvdXZlcnR1cmUuZnIlM2ZhdF9tZWRpdW0lM2RzbCUyNmF0X2NhbXBhaWduJTNkYm9vc3Rlcl9iaW5nX2FkcyUyNmFkX3BsYXRmb3JtJTNkQklORyUyNnV0bV9zb3VyY2UlM2Rzb2xvY2FsJTI2cHJvZHVjdF9pZCUzZDIwMjQxMzAwMTQzNTMlMjZtc2Nsa2lkJTNkNmMyMjA3MDFhYzllMTljN2Q4N2Q2ZWY3YzJiOTRlZDk%26rlid%3D6c220701ac9e19c7d87d6ef7c2b94ed9&vqd=4-217406041008881734682542501291810866578&iurl=%7B1%7DIG%3D3DDF652E6BEF49E98CC52F3B66C9462B%26CID%3D1C3D6876937C616B106F7F3B9207603A%26ID%3DDevEx%2C5037.1,support@duck.com,0535746396,sirene
TOM BEAUTOUR,TOM BEAUTOUR (BEAUTOUR),59 AVENUE DES HORTENSIAS 93370 MONTFERMEIL,93370,MONTFERMEIL,93,43.91A,49210871700033,https://entreprises.lefigaro.fr/monsieur-tom-beautour-93/entreprise-492108717,,0871700033,sirene
AMELIE HABITAT,STEPHANE BOUYER (BOUYER),94 AVENUE EUGENE VARLIN 77270 VILLEPARISIS,77270,VILLEPARISIS,77,43.91A,49289944800012,https://www.telephone.city/macon/amelie-habitat-villeparisis-1159383.html,contact@telephone.city,0361694030,sirene
ISOTECH (ISOTECH),MILENKO RELJIC,50 RUE DE L'ARBRE SEC 75001 PARIS,75001,PARIS,75,43.91A,83361397900016,,,,sirene
ARTHUR HUBERT (HUBERT),ARTHUR HUBERT (HUBERT),8 CHEMIN DES LAVANDIERES 91890 VIDELLES,91890,VIDELLES,91,43.91A,83962277600012,,,,sirene
MP RENOVATION (MP RENOVATION),XAVIER MOREL,36 RUE DU PANORAMA 77670 VERNOU-LA-CELLE-SUR-SEINE,77670,VERNOU-LA-CELLE-SUR-SEINE,77,43.91A,79817918000046,,,,sirene
BOIS CAILLOUX,QUENTIN ANNE,1 GRANDE RUE 95000 BOISEMONT,95000,BOISEMONT,95,43.91A,91997524300016,https://www.monartisan.info/pro-bois-cailloux-91997524300016,,0603530004,sirene
DHP CHARPENTE,THIBAULT D'HAILLECOURT,67 RUE SAINT-JACQUES 75005 PARIS,75005,PARIS,75,43.91A,93260901900017,https://entreprises.lefigaro.fr/dhp-charpente-75/entreprise-932609019,,0393260901,sirene
FROT CHARPENTE,DIMITRI FROT,2 CHEMIN DE PONT CHEVRON 77167 BAGNEAUX-SUR-LOING,77167,BAGNEAUX-SUR-LOING,77,43.91A,91858887200013,https://local.infobel.fr/FR112048484/frot_charpente-bagneaux_sur_loing.html,,,sirene
LDR CONFORT,HELDER FONSECA LOPES (FONSECA LOPES),46 BIS 46 B AVENUE DU MIDI 94100 SAINT-MAUR-DES-FOSSES,94100,SAINT-MAUR-DES-FOSSES,94,43.91A,49945225800019,https://www.ldrconfort.fr/,ldrconfort@live.fr,0126031877,sirene
HTB BAT,HIKMET TURK (TURK),CHE DE LA FORGE 95650 PUISEUX-PONTOISE,95650,PUISEUX-PONTOISE,95,43.91A,49190756400026,https://www.prosmaison.fr/entreprise-49190756400026,votre@email.com,0756400026,sirene
P C C M,SERGE MARTIN,ZI DU PETIT PARC 28 RES DES FONTENELLES 78920 ECQUEVILLY,78920,ECQUEVILLY,78,43.91A,32958222500051,https://www.monartisan.info/pro-p-c-c-m-32958222500051,,0159640005,sirene
BF - TRADIBOIS,FRANCESCO BARBERI,17 RUE RONSARD 95550 BESSANCOURT,95550,BESSANCOURT,95,43.91A,81165717000015,https://www.prosmaison.fr/entreprise-81165717000015,votre@email.com,0313274000,sirene
PAULO MACHADO SAMPAIO (M S P),PAULO MACHADO SAMPAIO (MACHADO SAMPAIO),30 RUE JEAN POULMARCH 95100 ARGENTEUIL,95100,ARGENTEUIL,95,43.91A,44917176800053,https://predictice.com/entreprise/monsieur-paulo-machado-sampaio-449171768,,,sirene
